Workbook

Sheet Tổng quan Q3
A1: Tổng quan kết quả Q3/2026
A2: Đơn vị: tỷ đồng, trừ khi ghi chú khác. Tất cả số liệu liên kết từ sheet PL_Budget_Actual.
A4: Chỉ tiêu | B4: Q2/2026 TH | C4: Q3/2026 KH | D4: Q3/2026 TH | E4: % hoàn thành KH | F4: Tăng trưởng so với Q2
A5: Tổng doanh thu | B5: =PL_Budget_Actual!B10 -> 418 | C5: =PL_Budget_Actual!C10 -> 436 | D5: =PL_Budget_Actual!D10 -> 432 | E5: =IFERROR(D5/C5,0) -> 0.99082569 | F5: =IFERROR(D5/B5-1,0) -> 0.033492823
A6: Tổng chi phí | B6: =PL_Budget_Actual!B16 -> 317 | C6: =PL_Budget_Actual!C16 -> 330 | D6: =PL_Budget_Actual!D16 -> 348 | E6: =IFERROR(D6/C6,0) -> 1.0545455 | F6: =IFERROR(D6/B6-1,0) -> 0.097791798
A7: Lợi nhuận trước thuế | B7: =PL_Budget_Actual!B17 -> 101 | C7: =PL_Budget_Actual!C17 -> 106 | D7: =PL_Budget_Actual!D17 -> 84 | E7: =IFERROR(D7/C7,0) -> 0.79245283 | F7: =IFERROR(D7/B7-1,0) -> -0.16831683
A8: Biên lợi nhuận trước thuế | B8: =PL_Budget_Actual!B18 -> 0.24162679 | C8: =PL_Budget_Actual!C18 -> 0.24311927 | D8: =PL_Budget_Actual!D18 -> 0.19444444 | E8: n/a | F8: =D8-B8 -> -0.04718235
A9: Số khách hàng đang phục vụ | B9: =PL_Budget_Actual!B20 -> 286 | C9: =PL_Budget_Actual!C20 -> 300 | D9: =PL_Budget_Actual!D20 -> 291 | E9: =IFERROR(D9/C9,0) -> 0.97 | F9: =IFERROR(D9/B9-1,0) -> 0.017482517
A10: Điểm hài lòng khách hàng (NPS) | B10: =PL_Budget_Actual!B22 -> 41 | C10: =PL_Budget_Actual!C22 -> 45 | D10: =PL_Budget_Actual!D22 -> 36 | E10: n/a | F10: =D10-B10 -> -5
A11: Số nhân viên cuối kỳ | B11: =PL_Budget_Actual!B24 -> 1185 | C11: =PL_Budget_Actual!C24 -> 1220 | D11: =PL_Budget_Actual!D24 -> 1162 | E11: =IFERROR(D11/C11,0) -> 0.95245902 | F11: =IFERROR(D11/B11-1,0) -> -0.019409283
A12: Tỷ lệ nghỉ việc năm hóa | B12: =PL_Budget_Actual!B26 -> 0.14852321 | C12: =PL_Budget_Actual!C26 -> 0.1147541 | D12: =PL_Budget_Actual!D26 -> 0.19965577 | E12: n/a | F12: =D12-B12 -> 0.051132559
A14: Ghi chú: với chỉ tiêu tỷ lệ và NPS, cột tăng trưởng thể hiện chênh lệch điểm.

Sheet PL_Budget_Actual
A1: Kết quả hoạt động - Kế hoạch và thực hiện Q3/2026
A2: Đơn vị: tỷ đồng, trừ khi ghi chú khác. Chi phí ghi số dương. Số liệu giả tưởng, chỉ dùng cho mục đích đào tạo.
A4: Khoản mục | B4: Q2/2026 TH | C4: Q3/2026 KH | D4: Q3/2026 TH | E4: TH vs KH | F4: % vs KH | G4: TH vs Q2 | H4: % vs Q2 | I4: Ghi chú
A5: DOANH THU VÀ LỢI NHUẬN
A6: Doanh thu Tư vấn | B6: 120 | C6: 125 | D6: 121 | E6: =D6-C6 -> -4 | F6: =IFERROR(D6/C6-1,0) -> -0.032 | G6: =D6-B6 -> 1 | H6: =IFERROR(D6/B6-1,0) -> 0.0083333333
A7: Doanh thu Triển khai giải pháp | B7: 166 | C7: 175 | D7: 178 | E7: =D7-C7 -> 3 | F7: =IFERROR(D7/C7-1,0) -> 0.017142857 | G7: =D7-B7 -> 12 | H7: =IFERROR(D7/B7-1,0) -> 0.072289157 | I7: Ba dự án lớn nghiệm thu sớm trong tháng 9
A8: Doanh thu Dịch vụ vận hành | B8: 98 | C8: 100 | D8: 104 | E8: =D8-C8 -> 4 | F8: =IFERROR(D8/C8-1,0) -> 0.04 | G8: =D8-B8 -> 6 | H8: =IFERROR(D8/B8-1,0) -> 0.06122449
A9: Doanh thu Đào tạo doanh nghiệp | B9: 34 | C9: 36 | D9: 29 | E9: =D9-C9 -> -7 | F9: =IFERROR(D9/C9-1,0) -> -0.19444444 | G9: =D9-B9 -> -5 | H9: =IFERROR(D9/B9-1,0) -> -0.14705882 | I9: Hai khóa đào tạo lớn bị khách hàng hoãn sang Q4
A10: Tổng doanh thu | B10: =SUM(B6:B9) -> 418 | C10: =SUM(C6:C9) -> 436 | D10: =SUM(D6:D9) -> 432 | E10: =D10-C10 -> -4 | F10: =IFERROR(D10/C10-1,0) -> -0.0091743119 | G10: =D10-B10 -> 14 | H10: =IFERROR(D10/B10-1,0) -> 0.033492823
A11: Chi phí nhân sự | B11: 205 | C11: 214 | D11: 219 | E11: =D11-C11 -> 5 | F11: =IFERROR(D11/C11-1,0) -> 0.023364486 | G11: =D11-B11 -> 14 | H11: =IFERROR(D11/B11-1,0) -> 0.068292683 | I11: Bao gồm chi phí làm thêm giờ
A12: Chi phí thuê thầu phụ | B12: 38 | C12: 36 | D12: 50 | E12: =D12-C12 -> 14 | F12: =IFERROR(D12/C12-1,0) -> 0.38888889 | G12: =D12-B12 -> 12 | H12: =IFERROR(D12/B12-1,0) -> 0.31578947 | I12: Thuê ngoài để bù nhân sự nghỉ việc ở mảng Triển khai giải pháp
A13: Chi phí văn phòng và hành chính | B13: 34 | C13: 35 | D13: 35 | E13: =D13-C13 -> 0 | F13: =IFERROR(D13/C13-1,0) -> 0 | G13: =D13-B13 -> 1 | H13: =IFERROR(D13/B13-1,0) -> 0.029411765
A14: Chi phí marketing và bán hàng | B14: 22 | C14: 26 | D14: 24 | E14: =D14-C14 -> -2 | F14: =IFERROR(D14/C14-1,0) -> -0.076923077 | G14: =D14-B14 -> 2 | H14: =IFERROR(D14/B14-1,0) -> 0.090909091
A15: Chi phí CNTT và bản quyền phần mềm | B15: 18 | C15: 19 | D15: 20 | E15: =D15-C15 -> 1 | F15: =IFERROR(D15/C15-1,0) -> 0.052631579 | G15: =D15-B15 -> 2 | H15: =IFERROR(D15/B15-1,0) -> 0.11111111
A16: Tổng chi phí | B16: =SUM(B11:B15) -> 317 | C16: =SUM(C11:C15) -> 330 | D16: =SUM(D11:D15) -> 348 | E16: =D16-C16 -> 18 | F16: =IFERROR(D16/C16-1,0) -> 0.054545455 | G16: =D16-B16 -> 31 | H16: =IFERROR(D16/B16-1,0) -> 0.097791798
A17: Lợi nhuận trước thuế | B17: =B10-B16 -> 101 | C17: =C10-C16 -> 106 | D17: =D10-D16 -> 84 | E17: =D17-C17 -> -22 | F17: =IFERROR(D17/C17-1,0) -> -0.20754717 | G17: =D17-B17 -> -17 | H17: =IFERROR(D17/B17-1,0) -> -0.16831683
A18: Biên lợi nhuận trước thuế | B18: =B17/B10 -> 0.24162679 | C18: =C17/C10 -> 0.24311927 | D18: =D17/D10 -> 0.19444444 | E18: =D18-C18 -> -0.048674822 | F18: điểm % | G18: =D18-B18 -> -0.04718235 | H18: điểm %
A19: KHÁCH HÀNG
A20: Số khách hàng đang phục vụ | B20: 286 | C20: 300 | D20: 291 | E20: =D20-C20 -> -9 | F20: =IFERROR(D20/C20-1,0) -> -0.03 | G20: =D20-B20 -> 5 | H20: =IFERROR(D20/B20-1,0) -> 0.017482517
A21: Tỷ trọng doanh thu từ khách hàng lớn nhất | B21: 0.31 | C21: 0.28 | D21: 0.36 | E21: =D21-C21 -> 0.08 | F21: điểm % | G21: =D21-B21 -> 0.05 | H21: điểm % | I21: Khách hàng KH-001 (đã ẩn danh)
A22: Điểm hài lòng khách hàng (NPS) | B22: 41 | C22: 45 | D22: 36 | E22: =D22-C22 -> -9 | F22: =IFERROR(D22/C22-1,0) -> -0.2 | G22: =D22-B22 -> -5 | H22: =IFERROR(D22/B22-1,0) -> -0.12195122 | I22: Khảo sát khách hàng cuối quý
A23: NHÂN SỰ
A24: Số nhân viên cuối kỳ (người) | B24: 1185 | C24: 1220 | D24: 1162 | E24: =D24-C24 -> -58 | F24: =IFERROR(D24/C24-1,0) -> -0.047540984 | G24: =D24-B24 -> -23 | H24: =IFERROR(D24/B24-1,0) -> -0.019409283
A25: Số nhân viên nghỉ việc trong quý (người) | B25: 44 | C25: 35 | D25: 58 | E25: =D25-C25 -> 23 | F25: =IFERROR(D25/C25-1,0) -> 0.65714286 | G25: =D25-B25 -> 14 | H25: =IFERROR(D25/B25-1,0) -> 0.31818182 | I25: Tập trung ở văn phòng TP. Hồ Chí Minh
A26: Tỷ lệ nghỉ việc năm hóa | B26: =B25*4/B24 -> 0.14852321 | C26: =C25*4/C24 -> 0.1147541 | D26: =D25*4/D24 -> 0.19965577 | E26: =D26-C26 -> 0.084901668 | F26: điểm % | G26: =D26-B26 -> 0.051132559 | H26: điểm % | I26: Bằng số nghỉ việc trong quý x 4 chia số nhân viên cuối kỳ
A27: Giờ làm thêm bình quân / người / tháng | B27: 9.5 | C27: 8 | D27: 14.2 | E27: =D27-C27 -> 6.2 | F27: =IFERROR(D27/C27-1,0) -> 0.775 | G27: =D27-B27 -> 4.7 | H27: =IFERROR(D27/B27-1,0) -> 0.49473684
A28: Giờ đào tạo bình quân / người trong quý | B28: 7.5 | C28: 8 | D28: 4.8 | E28: =D28-C28 -> -3.2 | F28: =IFERROR(D28/C28-1,0) -> -0.4 | G28: =D28-B28 -> -2.7 | H28: =IFERROR(D28/B28-1,0) -> -0.36
A29: CHỈ SỐ HIỆU QUẢ
A30: Doanh thu bình quân / nhân viên (triệu đồng) | B30: =B10*1000/B24 -> 352.74262 | C30: =C10*1000/C24 -> 357.37705 | D30: =D10*1000/D24 -> 371.77281 | E30: =D30-C30 -> 14.395756 | F30: =IFERROR(D30/C30-1,0) -> 0.040281703 | G30: =D30-B30 -> 19.030189 | H30: =IFERROR(D30/B30-1,0) -> 0.053949221
A31: Tỷ lệ chi phí trên doanh thu | B31: =B16/B10 -> 0.75837321 | C31: =C16/C10 -> 0.75688073 | D31: =D16/D10 -> 0.80555556 | E31: =D31-C31 -> 0.048674822 | F31: điểm % | G31: =D31-B31 -> 0.04718235 | H31: điểm %

Sheet Doanh thu tháng
A1: Doanh thu và chi phí theo tháng - 9 tháng 2026
A2: Đơn vị: tỷ đồng. KH = kế hoạch, TH = thực hiện.
A4: Tháng | B4: Doanh thu KH | C4: Chi phí KH | D4: Lợi nhuận KH | E4: Doanh thu TH | F4: Chi phí TH | G4: Lợi nhuận TH | H4: Chênh lệch lợi nhuận TH - KH | I4: % doanh thu so với KH
A5: T1/2026 | B5: 130 | C5: 101 | D5: =B5-C5 -> 29 | E5: 128 | F5: 99 | G5: =E5-F5 -> 29 | H5: =G5-D5 -> 0 | I5: =IFERROR(E5/B5-1,0) -> -0.015384615
A6: T2/2026 | B6: 120 | C6: 97 | D6: =B6-C6 -> 23 | E6: 118 | F6: 94 | G6: =E6-F6 -> 24 | H6: =G6-D6 -> 1 | I6: =IFERROR(E6/B6-1,0) -> -0.016666667
A7: T3/2026 | B7: 150 | C7: 107 | D7: =B7-C7 -> 43 | E7: 149 | F7: 107 | G7: =E7-F7 -> 42 | H7: =G7-D7 -> -1 | I7: =IFERROR(E7/B7-1,0) -> -0.0066666667
A8: T4/2026 | B8: 138 | C8: 106 | D8: =B8-C8 -> 32 | E8: 136 | F8: 104 | G8: =E8-F8 -> 32 | H8: =G8-D8 -> 0 | I8: =IFERROR(E8/B8-1,0) -> -0.014492754
A9: T5/2026 | B9: 141 | C9: 107 | D9: =B9-C9 -> 34 | E9: 139 | F9: 105 | G9: =E9-F9 -> 34 | H9: =G9-D9 -> 0 | I9: =IFERROR(E9/B9-1,0) -> -0.014184397
A10: T6/2026 | B10: 146 | C10: 109 | D10: =B10-C10 -> 37 | E10: 143 | F10: 108 | G10: =E10-F10 -> 35 | H10: =G10-D10 -> -2 | I10: =IFERROR(E10/B10-1,0) -> -0.020547945
A11: T7/2026 | B11: 143 | C11: 108 | D11: =B11-C11 -> 35 | E11: 142 | F11: 112 | G11: =E11-F11 -> 30 | H11: =G11-D11 -> -5 | I11: =IFERROR(E11/B11-1,0) -> -0.006993007
A12: T8/2026 | B12: 145 | C12: 110 | D12: =B12-C12 -> 35 | E12: 141 | F12: 115 | G12: =E12-F12 -> 26 | H12: =G12-D12 -> -9 | I12: =IFERROR(E12/B12-1,0) -> -0.027586207
A13: T9/2026 | B13: 148 | C13: 112 | D13: =B13-C13 -> 36 | E13: 149 | F13: 121 | G13: =E13-F13 -> 28 | H13: =G13-D13 -> -8 | I13: =IFERROR(E13/B13-1,0) -> 0.0067567568
A14: Lũy kế 9T | B14: =SUM(B5:B13) -> 1261 | C14: =SUM(C5:C13) -> 957 | D14: =SUM(D5:D13) -> 304 | E14: =SUM(E5:E13) -> 1245 | F14: =SUM(F5:F13) -> 965 | G14: =SUM(G5:G13) -> 280 | H14: =SUM(H5:H13) -> -24 | I14: =IFERROR(E14/B14-1,0) -> -0.012688343

Sheet Danh sách dự án
A1: Danh sách dự án đang triển khai tại 30/09/2026
A2: Ngân sách và chi phí: triệu đồng. Mã khách hàng và mã quản lý dự án đã ẩn danh. % thời gian đã qua tính đến 30/09/2026. Số liệu giả tưởng.
A4: Mã dự án | B4: Văn phòng | C4: Mảng dịch vụ | D4: Quản lý dự án | E4: Khách hàng | F4: Ngày bắt đầu | G4: Ngày kết thúc KH | H4: Ngân sách | I4: Chi phí lũy kế | J4: % hoàn thành | K4: % thời gian đã qua | L4: Điểm hài lòng KH (1-5)
A5: DA001 | B5: TP. Hồ Chí Minh | C5: Tư vấn | D5: PM32 | E5: KH-001 | F5: 45965 | G5: 46330 | H5: 400 | I5: 303 | J5: 0.8 | K5: =MIN(1,MAX(0,(DATE(2026,9,30)-F5)/(G5-F5))) -> 0.90410959 | L5: 3.6
A6: DA002 | B6: Hải Phòng | C6: Triển khai giải pháp | D6: PM18 | E6: KH-255 | F6: 45968 | G6: 46339 | H6: 1500 | I6: 1376 | J6: 0.83 | K6: =MIN(1,MAX(0,(DATE(2026,9,30)-F6)/(G6-F6))) -> 0.88140162 | L6: 4.3
A7: DA003 | B7: Cần Thơ | C7: Dịch vụ vận hành | D7: PM35 | E7: KH-230 | F7: 45968 | G7: 46316 | H7: 5500 | I7: 4526 | J7: 0.83 | K7: =MIN(1,MAX(0,(DATE(2026,9,30)-F7)/(G7-F7))) -> 0.93965517 | L7: 4.2
A8: DA004 | B8: TP. Hồ Chí Minh | C8: Triển khai giải pháp | D8: PM34 | E8: KH-279 | F8: 45971 | G8: 46349 | H8: 1000 | I8: 857 | J8: 0.87 | K8: =MIN(1,MAX(0,(DATE(2026,9,30)-F8)/(G8-F8))) -> 0.85714286 | L8: 3.5
A9: DA005 | B9: Hải Phòng | C9: Dịch vụ vận hành | D9: PM28 | E9: KH-255 | F9: 45974 | G9: 46328 | H9: 4000 | I9: 3386 | J9: 0.93 | K9: =MIN(1,MAX(0,(DATE(2026,9,30)-F9)/(G9-F9))) -> 0.90677966 | L9: 3.9
A10: DA006 | B10: Hải Phòng | C10: Đào tạo doanh nghiệp | D10: PM13 | E10: KH-124 | F10: 45975 | G10: 46483 | H10: 600 | I10: 364 | J10: 0.64 | K10: =MIN(1,MAX(0,(DATE(2026,9,30)-F10)/(G10-F10))) -> 0.62992126 | L10: 4.3
A11: DA007 | B11: Hà Nội | C11: Dịch vụ vận hành | D11: PM21 | E11: KH-076 | F11: 45976 | G11: 46421 | H11: 2500 | I11: 1847 | J11: 0.74 | K11: =MIN(1,MAX(0,(DATE(2026,9,30)-F11)/(G11-F11))) -> 0.71685393 | L11: 4.3
A12: DA008 | B12: TP. Hồ Chí Minh | C12: Dịch vụ vận hành | D12: PM34 | E12: KH-289 | F12: 45979 | G12: 46405 | H12: 400 | I12: 233 | J12: 0.58 | K12: =MIN(1,MAX(0,(DATE(2026,9,30)-F12)/(G12-F12))) -> 0.74178404 | L12: 3.3
A13: DA009 | B13: Cần Thơ | C13: Triển khai giải pháp | D13: PM20 | E13: KH-001 | F13: 45980 | G13: 46512 | H13: 7000 | I13: 3717 | J13: 0.55 | K13: =MIN(1,MAX(0,(DATE(2026,9,30)-F13)/(G13-F13))) -> 0.59210526 | L13: 3.6
A14: DA010 | B14: Hà Nội | C14: Dịch vụ vận hành | D14: PM26 | E14: KH-257 | F14: 45986 | G14: 46526 | H14: 2500 | I14: 1618 | J14: 0.56 | K14: =MIN(1,MAX(0,(DATE(2026,9,30)-F14)/(G14-F14))) -> 0.57222222 | L14: 4.1
A15: DA011 | B15: Hà Nội | C15: Triển khai giải pháp | D15: PM11 | E15: KH-001 | F15: 45989 | G15: 46537 | H15: 800 | I15: 610 | J15: 0.7 | K15: =MIN(1,MAX(0,(DATE(2026,9,30)-F15)/(G15-F15))) -> 0.55839416 | L15: 4.3
A16: DA012 | B16: Đà Nẵng | C16: Dịch vụ vận hành | D16: PM17 | E16: KH-001 | F16: 45991 | G16: 46466 | H16: 5500 | I16: 3053 | J16: 0.61 | K16: =MIN(1,MAX(0,(DATE(2026,9,30)-F16)/(G16-F16))) -> 0.64 | L16: 4.3
... A154: DA150 | B154: TP. Hồ Chí Minh | C154: Dịch vụ vận hành | D154: PM13 | E154: KH-234 | F154: 46254 | G154: 46531 | H154: 1000 | I154: 46 | J154: 0.06 | K154: =MIN(1,MAX(0,(DATE(2026,9,30)-F154)/(G154-F154))) -> 0.14801444 | L154: 3.5

Sheet Theo văn phòng
A1: Hiệu quả theo văn phòng - Q3/2026
A2: Đơn vị: tỷ đồng, trừ khi ghi chú khác. Số dự án lấy công thức từ sheet Danh sách dự án.
A4: Văn phòng | B4: Số nhân viên | C4: Nghỉ việc Q3 | D4: Tỷ lệ nghỉ việc năm hóa | E4: Doanh thu Q3 | F4: Doanh thu / nhân viên (triệu đồng) | G4: Chi phí Q3 | H4: Biên lợi nhuận | I4: NPS | J4: Giờ làm thêm / người / tháng | K4: Số dự án đang chạy
A5: Hà Nội | B5: 380 | C5: 17 | D5: =IFERROR(C5*4/B5,0) -> 0.17894737 | E5: 146 | F5: =IFERROR(E5*1000/B5,0) -> 384.21053 | G5: 115 | H5: =IFERROR((E5-G5)/E5,0) -> 0.21232877 | I5: 38 | J5: 13.1 | K5: =COUNTIF('Danh sách dự án'!$B$5:$B$154,$A5) -> 46
A6: TP. Hồ Chí Minh | B6: 410 | C6: 27 | D6: =IFERROR(C6*4/B6,0) -> 0.26341463 | E6: 160 | F6: =IFERROR(E6*1000/B6,0) -> 390.2439 | G6: 136 | H6: =IFERROR((E6-G6)/E6,0) -> 0.15 | I6: 29 | J6: 18.6 | K6: =COUNTIF('Danh sách dự án'!$B$5:$B$154,$A6) -> 52
A7: Đà Nẵng | B7: 130 | C7: 4 | D7: =IFERROR(C7*4/B7,0) -> 0.12307692 | E7: 46 | F7: =IFERROR(E7*1000/B7,0) -> 353.84615 | G7: 35 | H7: =IFERROR((E7-G7)/E7,0) -> 0.23913043 | I7: 47 | J7: 9.2 | K7: =COUNTIF('Danh sách dự án'!$B$5:$B$154,$A7) -> 16
A8: Hải Phòng | B8: 82 | C8: 3 | D8: =IFERROR(C8*4/B8,0) -> 0.14634146 | E8: 28 | F8: =IFERROR(E8*1000/B8,0) -> 341.46341 | G8: 22 | H8: =IFERROR((E8-G8)/E8,0) -> 0.21428571 | I8: 40 | J8: 10.4 | K8: =COUNTIF('Danh sách dự án'!$B$5:$B$154,$A8) -> 11
A9: Cần Thơ | B9: 70 | C9: 3 | D9: =IFERROR(C9*4/B9,0) -> 0.17142857 | E9: 22 | F9: =IFERROR(E9*1000/B9,0) -> 314.28571 | G9: 18 | H9: =IFERROR((E9-G9)/E9,0) -> 0.18181818 | I9: 42 | J9: 11.8 | K9: =COUNTIF('Danh sách dự án'!$B$5:$B$154,$A9) -> 10
A10: Bình Dương | B10: 90 | C10: 4 | D10: =IFERROR(C10*4/B10,0) -> 0.17777778 | E10: 30 | F10: =IFERROR(E10*1000/B10,0) -> 333.33333 | G10: 22 | H10: =IFERROR((E10-G10)/E10,0) -> 0.26666667 | I10: 35 | J10: 12.5 | K10: =COUNTIF('Danh sách dự án'!$B$5:$B$154,$A10) -> 15
A11: Toàn công ty | B11: =SUM(B5:B10) -> 1162 | C11: =SUM(C5:C10) -> 58 | D11: =IFERROR(C11*4/B11,0) -> 0.19965577 | E11: =SUM(E5:E10) -> 432 | F11: =IFERROR(E11*1000/B11,0) -> 371.77281 | G11: =SUM(G5:G10) -> 348 | H11: =IFERROR((E11-G11)/E11,0) -> 0.19444444 | K11: =SUM(K5:K10) -> 150

Sheet Benchmark
A1: So sánh với nhóm doanh nghiệp dịch vụ cùng quy mô - 9 tháng 2026
A2: Nguồn: tổng hợp nội bộ từ báo cáo công bố và khảo sát ngành (đã ẩn danh). Số liệu giả tưởng, chỉ dùng cho mục đích đào tạo.
A4: Doanh nghiệp | B4: Doanh thu 9 tháng (tỷ đồng) | C4: Tăng trưởng doanh thu so với cùng kỳ | D4: Biên lợi nhuận trước thuế | E4: Tỷ lệ nghỉ việc năm hóa | F4: NPS | G4: Giờ đào tạo / người / năm | H4: Tỷ trọng doanh thu từ khách hàng lớn nhất
A5: Doanh nghiệp cùng ngành A | B5: 1240 | C5: 0.11 | D5: 0.23 | E5: 0.12 | F5: 44 | G5: 36 | H5: 0.18
A6: Doanh nghiệp cùng ngành B | B6: 990 | C6: 0.09 | D6: 0.21 | E6: 0.135 | F6: 40 | G6: 30 | H6: 0.22
A7: Doanh nghiệp cùng ngành C | B7: 1580 | C7: 0.14 | D7: 0.26 | E7: 0.15 | F7: 48 | G7: 42 | H7: 0.15
A8: Doanh nghiệp cùng ngành D | B8: 735 | C8: 0.06 | D8: 0.18 | E8: 0.16 | F8: 35 | G8: 24 | H8: 0.27
A9: Doanh nghiệp cùng ngành E | B9: 1110 | C9: 0.1 | D9: 0.22 | E9: 0.13 | F9: 46 | G9: 32 | H9: 0.2
A10: Công ty của chúng ta | B10: ='Doanh thu tháng'!E14 -> 1245 | C10: 0.08 | D10: =PL_Budget_Actual!D18 -> 0.19444444 | E10: =PL_Budget_Actual!D26 -> 0.19965577 | F10: =PL_Budget_Actual!D22 -> 36 | G10: =PL_Budget_Actual!D28*4 -> 19.2 | H10: =PL_Budget_Actual!D21 -> 0.36
A11: Trung vị nhóm so sánh (A-E) | B11: =MEDIAN(B5:B9) -> 1110 | C11: =MEDIAN(C5:C9) -> 0.1 | D11: =MEDIAN(D5:D9) -> 0.22 | E11: =MEDIAN(E5:E9) -> 0.135 | F11: =MEDIAN(F5:F9) -> 44 | G11: =MEDIAN(G5:G9) -> 32 | H11: =MEDIAN(H5:H9) -> 0.2
A12: Chênh lệch so với trung vị | C12: =C10-C11 -> -0.02 | D12: =D10-D11 -> -0.025555556 | E12: =E10-E11 -> 0.064655766 | F12: =F10-F11 -> -8 | G12: =G10-G11 -> -12.8 | H12: =H10-H11 -> 0.16
A14: Ghi chú: giờ đào tạo của Công ty năm hóa từ số liệu Q3; tăng trưởng doanh thu so với cùng kỳ (8%) do Phòng Tài chính cung cấp.
